,group,car/truck/van,carpool,public transport
0,Workers 16 years and over,49397,6213,0
1,16-19,1481.9099999999999,889.1460000000001,0
2,20-24,4544.524,6075.831000000001,0
3,25-44,23512.972,24155.132999999998,0
4,45-54,10126.385,7656.535,0
5,55-59,4890.303,3655.3780000000006,0
6,60+,4840.906,6915.580000000001,0
7,Median-(years),1975.88,2025.2769999999998,0
